ai,brown,data,dog,fascinating,fox,great,involves,language,programming
0.0,0.5773502691896258,0.0,0.5773502691896258,0.0,0.5773502691896258,0.0,0.0,0.0,0.0
0.0,0.0,0.0,0.0,0.7782829228046183,0.0,0.0,0.0,0.6279137616509933,0.0
1.0,0.0,0.0,0.0,0.0,0.0,0.0,0.0,0.0,0.0
0.0,0.0,0.0,0.0,0.0,0.0,0.6591180018251055,0.0,0.5317722537280788,0.5317722537280788
0.0,0.0,0.6141889663426562,0.0,0.0,0.0,0.0,0.6141889663426562,0.0,0.49552379079705033
